{"cameraMode":{"drawMode":0,"name":"Shaded","section":"Shading Mode"},"sceneLighting":false,"audioPlay":false,"sceneViewState":{"showFog":true,"showMaterialUpdate":true,"showSkybox":true,"showFlares":true,"showImageEffects":true,"showParticleSystems":true},"in2DMode":false,"pivot":{"x":412.37420654296877,"y":353.5235900878906,"z":-2.280029296875},"rotation":{"x":0.0033101490698754789,"y":0.0018106945790350438,"z":-0.000005948431407887256,"w":0.9999929070472717},"size":1463.3050537109375,"orthographic":false}