{"cameraMode":{"drawMode":0,"name":"Shaded","section":"Shading Mode"},"sceneLighting":false,"audioPlay":false,"sceneViewState":{"showFog":true,"showMaterialUpdate":true,"showSkybox":true,"showFlares":true,"showImageEffects":true,"showParticleSystems":true},"in2DMode":false,"pivot":{"x":-66.78970336914063,"y":577.1659545898438,"z":-132.55975341796876},"rotation":{"x":0.08945532888174057,"y":0.21809837222099305,"z":-0.020080065354704858,"w":0.9716109037399292},"size":952.3834228515625,"orthographic":false}