{"cameraMode":{"drawMode":0,"name":"Shaded","section":"Shading Mode"},"sceneLighting":false,"audioPlay":false,"sceneViewState":{"showFog":true,"showMaterialUpdate":true,"showSkybox":true,"showFlares":true,"showImageEffects":true,"showParticleSystems":true},"in2DMode":false,"pivot":{"x":78.0518798828125,"y":745.2530517578125,"z":198.46826171875},"rotation":{"x":0.05414412170648575,"y":-0.0715223103761673,"z":0.0038882726803421976,"w":0.9959608316421509},"size":2503.701416015625,"orthographic":false}